{"cameraMode":{"drawMode":0,"name":"Shaded","section":"Shading Mode"},"sceneLighting":false,"audioPlay":false,"sceneViewState":{"showFog":false,"showMaterialUpdate":false,"showSkybox":false,"showFlares":false,"showImageEffects":false,"showParticleSystems":false},"in2DMode":false,"pivot":{"x":-7.923566818237305,"y":-4.301573276519775,"z":7.717679500579834},"rotation":{"x":-0.1360258311033249,"y":0.6947036981582642,"z":-0.13635051250457765,"w":-0.6930392980575562},"size":2.655134677886963,"orthographic":false}